Country / Territory,callingCode1,callingCode2,callingCode3,callingCode4,,ISO3166,ISO31661_alpha2,ISO31661_alpha3,numericCode,topLevelDomain,
Afghanistan,93,,,,,†Afghanistan,AF,AFG,4,.af,
è†≈land Islands,35818,,,,,†≈land Islands,AX,ALA,248,.ax,
Albania,355,,,,,†Albania,AL,ALB,8,.al,
Algeria,213,,,,,†Algeria,DZ,DZA,12,.dz,
American Samoa,1684,,,,,†American Samoa,AS,ASM,16,.as,
Andorra,376,,,,,†Andorra,AD,AND,20,.ad,
Angola,244,,,,,†Angola,AO,AGO,24,.ao,
Anguilla,1264,,,,,†Anguilla,AI,AIA,660,.ai,
Antigua and Barbuda,1268,,,,,†Antigua and Barbuda,AG,ATG,28,.ag,
Argentina,54,,,,,†Argentina,AR,ARG,32,.ar,
Armenia,374,,,,,†Armenia,AM,ARM,51,.am,
Aruba,297,,,,,†Aruba,AW,ABW,533,.aw,
Ascension,247,,,,,†Ascension Island,SH,SHN,654,.sh,
Australia,61,,,,,†Australia,AU,AUS,36,.au,
Austria,43,,,,,†Austria,AT,AUT,40,.at,
Azerbaijan,994,,,,,†Azerbaijan,AZ,AZE,31,.az,
Bahamas,1242,,,,,†Bahamas (the),BS,BHS,44,.bs,
Bahrain,973,,,,,†Bahrain,BH,BHR,48,.bh,
Bangladesh,880,,,,,†Bangladesh,BD,BGD,50,.bd,
Barbados,1246,,,,,†Barbados,BB,BRB,52,.bb,
Barbuda,1268,,,,,†Belarus,BY,BLR,112,.by,xxxxx
Belarus,375,,,,,†Belgium,BE,BEL,56,.be,
Belgium,32,,,,,†Belize,BZ,BLZ,84,.bz,
Belize,501,,,,,†Benin,BJ,BEN,204,.bj,
Benin,229,,,,,†Bermuda,BM,BMU,60,.bm,
Bermuda,1441,,,,,†Bhutan,BT,BTN,64,.bt,
Bhutan,975,,,,,†Bolivia (Plurinational State of),BO,BOL,68,.bo,
Bolivia,591,,,,,†Bonaire,BQ,BES,535,.bq†.nl?[c],
Bonaire,5997,,,,,†Sint Eustatius,,,,,
Bosnia and Herzegovina,387,,,,,†Saba,,,,,
Botswana,267,,,,,†Bosnia and Herzegovina,BA,BIH,70,.ba,
Brazil,55,,,,,†Botswana,BW,BWA,72,.bw,
British Indian Ocean Territory,246,,,,,†Bouvet Island,BV,BVT,74,[d],
British Virgin Islands,1284,,,,,†Brazil,BR,BRA,76,.br,
Brunei Darussalam,673,,,,,†British Indian Ocean Territory (the),IO,IOT,86,.io,
Bulgaria,359,,,,,†British Virgin Islands†ñ See†Virgin Islands (British).,,,,,
Burkina Faso,226,,,,,†Brunei Darussalam?[e],BN,BRN,96,.bn,
Burundi,257,,,,,†Bulgaria,BG,BGR,100,.bg,
Cape Verde,238,,,,,†Burkina Faso,BF,BFA,854,.bf,
Cambodia,855,,,,,†Burma†ñ See†Myanmar.,,,,,
Cameroon,237,,,,,†Burundi,BI,BDI,108,.bi,
Canada,1,,,,,†Cabo Verde?[f],CV,CPV,132,.cv,
Caribbean Netherlands,5993,5994,5997,,,†Cambodia,KH,KHM,116,.kh,
Cayman Islands,1345,,,,,†Cameroon,CM,CMR,120,.cm,
Central African Republic,236,,,,,†Canada,CA,CAN,124,.ca,
Chad,235,,,,,†Cape Verde†ñ See†Cabo Verde.,,,,,
"Chatham Island, New Zealand",64,,,,,"†Caribbean Netherlands†ñ See†Bonaire, Sint Eustatius and Saba.",,,,,
Chile,56,,,,,†Cayman Islands (the),KY,CYM,136,.ky,
China,86,,,,,†Central African Republic (the),CF,CAF,140,.cf,
Christmas Island,6189164,,,,,†Chad,TD,TCD,148,.td,
Cocos (Keeling) Islands,6189162,,,,,†Chile,CL,CHL,152,.cl,
Colombia,57,,,,,†China,CN,CHN,156,.cn,
Comoros,269,,,,,"†China, The Republic of†ñ See†Taiwan (Province of China).",,,,,
Congo,242,,,,,†Christmas Island,CX,CXR,162,.cx,
"Congo, Democratic Republic of the (Zaire)",243,,,,,†Clipperton Island†ñ See†France.,,,,,
Cook Islands,682,,,,,†Cocos (Keeling) Islands (the),CC,CCK,166,.cc,
Costa Rica,506,,,,,†Colombia,CO,COL,170,.co,
Ivory Coast,225,,,,,†Comoros (the),KM,COM,174,.km,
Croatia,385,,,,,†Congo (the Democratic Republic of the),CD,COD,180,.cd,
Cuba,53,,,,,†Congo (the)?[g],CG,COG,178,.cg,
Curaáao,5999,,,,,†Cook Islands (the),CK,COK,184,.ck,
Cyprus,357,,,,,†Coral Sea Islands†ñ See†Australia.,,,,,
Czech Republic,420,,,,,†Costa Rica,CR,CRI,188,.cr,
Denmark,45,,,,,†CÙte d'Ivoire?[h],CI,CIV,384,.ci,
Diego Garcia,246,,,,,†Croatia,HR,HRV,191,.hr,
Djibouti,253,,,,,†Cuba,CU,CUB,192,.cu,
Dominica,1767,,,,,†CuraÁao,CW,CUW,531,.cw,
Dominican Republic,1809,1829,1849,,,†Cyprus,CY,CYP,196,.cy,
Easter Island,56,,,,,†Czechia?[i],CZ,CZE,203,.cz,
Ecuador,593,,,,,"†Democratic People's Republic of Korea†ñ See†Korea, The Democratic People's Republic of.",,,,,
Egypt,20,,,,,"†Democratic Republic of the Congo†ñ See†Congo, The Democratic Republic of the.",,,,,
El Salvador,503,,,,,†Denmark,DK,DNK,208,.dk,
Equatorial Guinea,240,,,,,†Djibouti,DJ,DJI,262,.dj,
Eritrea,291,,,,,†Dominica,DM,DMA,212,.dm,
Estonia,372,,,,,†Dominican Republic (the),DO,DOM,214,.do,
eSwatini,268,,,,,†East Timor†ñ See†Timor-Leste.,,,,,
Ethiopia,251,,,,,†Ecuador,EC,ECU,218,.ec,
Falkland Islands,500,,,,,†Egypt,EG,EGY,818,.eg,
Faroe Islands,298,,,,,†El Salvador,SV,SLV,222,.sv,
Fiji,679,,,,,"†England†ñ See†United Kingdom, The.",,,,,
Finland,358,,,,,†Equatorial Guinea,GQ,GNQ,226,.gq,
France,33,,,,,†Eritrea,ER,ERI,232,.er,
French Antilles,596,,,,,†Estonia,EE,EST,233,.ee,
French Guiana,594,,,,,†Eswatini?[j],SZ,SWZ,748,.sz,
French Polynesia,689,,,,,†Ethiopia,ET,ETH,231,.et,
Gabon,241,,,,,†Falkland Islands (the) [Malvinas]?[k],FK,FLK,238,.fk,
Gambia,220,,,,,†Faroe Islands (the),FO,FRO,234,.fo,
Georgia,995,,,,,†Fiji,FJ,FJI,242,.fj,
Germany,49,,,,,†Finland,FI,FIN,246,.fi,
Ghana,233,,,,,†France?[l],FR,FRA,250,.fr,
Gibraltar,350,,,,,†French Guiana,GF,GUF,254,.gf,
Greece,30,,,,,†French Polynesia,PF,PYF,258,.pf,
Greenland,299,,,,,†French Southern Territories (the)?[m],TF,ATF,260,.tf,
Grenada,1473,,,,,†Gabon,GA,GAB,266,.ga,
Guadeloupe,590,,,,,†Gambia (the),GM,GMB,270,.gm,
Guam,1671,,,,,†Georgia,GE,GEO,268,.ge,
Guatemala,502,,,,,†Germany,DE,DEU,276,.de,
Guernsey,441481,447781,447839,447911,,†Ghana,GH,GHA,288,.gh,
Guinea,224,,,,,†Gibraltar,GI,GIB,292,.gi,
Guinea-Bissau,245,,,,,"†Great Britain†ñ See†United Kingdom, The.",,,,,
Guyana,592,,,,,†Greece,GR,GRC,300,.gr,
Haiti,509,,,,,†Greenland,GL,GRL,304,.gl,
Honduras,504,,,,,†Grenada,GD,GRD,308,.gd,
Hong Kong,852,,,,,†Guadeloupe,GP,GLP,312,.gp,
Hungary,36,,,,,†Guam,GU,GUM,316,.gu,
Iceland,354,,,,,†Guatemala,GT,GTM,320,.gt,
India,91,,,,,†Guernsey,GG,GGY,831,.gg,
Indonesia,62,,,,,†Guinea,GN,GIN,324,.gn,
Iran,98,,,,,†Guinea-Bissau,GW,GNB,624,.gw,
Iraq,964,,,,,†Guyana,GY,GUY,328,.gy,
Ireland,353,,,,,†Haiti,HT,HTI,332,.ht,
Isle of Man,441624,447524,447624,447924,,"†Hawaiian Islands†ñ See†United States of America, The.",,,,,
Israel,972,,,,,†Heard Island and McDonald Islands,HM,HMD,334,.hm,
Italy,39,,,,,†Holy See (the)?[n],VA,VAT,336,.va,
Jamaica,1876,,,,,†Honduras,HN,HND,340,.hn,
Jan Mayen,4779,,,,,†Hong Kong,HK,HKG,344,.hk,
Japan,81,,,,,†Hungary,HU,HUN,348,.hu,
Jersey,441534,,,,,†Iceland,IS,ISL,352,.is,
Jordan,962,,,,,†India,IN,IND,356,.in,
Kazakhstan,76,77,,,,†Indonesia,ID,IDN,360,.id,
Kenya,254,,,,,†Iran (Islamic Republic of),IR,IRN,364,.ir,
Kiribati,686,,,,,†Iraq,IQ,IRQ,368,.iq,
"Korea, North",850,,,,,†Ireland,IE,IRL,372,.ie,
"Korea, South",82,,,,,†Isle of Man,IM,IMN,833,.im,
Kosovo,383,,,,,†Israel,IL,ISR,376,.il,
Kuwait,965,,,,,†Italy,IT,ITA,380,.it,
Kyrgyzstan,996,,,,,†Ivory Coast†ñ See†CÙte d'Ivoire.,,,,,
Laos,856,,,,,†Jamaica,JM,JAM,388,.jm,
Latvia,371,,,,,†Jan Mayen†ñ See†Svalbard and Jan Mayen.,,,,,
Lebanon,961,,,,,†Japan,JP,JPN,392,.jp,
Lesotho,266,,,,,†Jersey,JE,JEY,832,.je,
Liberia,231,,,,,†Jordan,JO,JOR,400,.jo,
Libya,218,,,,,†Kazakhstan,KZ,KAZ,398,.kz,
Liechtenstein,423,,,,,†Kenya,KE,KEN,404,.ke,
Lithuania,370,,,,,†Kiribati,KI,KIR,296,.ki,
Luxembourg,352,,,,,†Korea (the Democratic People's Republic of)?[o],KP,PRK,408,.kp,
Macau,853,,,,,†Korea (the Republic of)?[p],KR,KOR,410,.kr,
Madagascar,261,,,,,†Kuwait,KW,KWT,414,.kw,
Malawi,265,,,,,†Kyrgyzstan,KG,KGZ,417,.kg,
Malaysia,60,,,,,†Lao People's Democratic Republic (the)?[q],LA,LAO,418,.la,
Maldives,960,,,,,†Latvia,LV,LVA,428,.lv,
Mali,223,,,,,†Lebanon,LB,LBN,422,.lb,
Malta,356,,,,,†Lesotho,LS,LSO,426,.ls,
Marshall Islands,692,,,,,†Liberia,LR,LBR,430,.lr,
Martinique,596,,,,,†Libya,LY,LBY,434,.ly,
Mauritania,222,,,,,†Liechtenstein,LI,LIE,438,.li,
Mauritius,230,,,,,†Lithuania,LT,LTU,440,.lt,
Mayotte,262269,262639,,,,†Luxembourg,LU,LUX,442,.lu,
Mexico,52,,,,,†Macao?[r],MO,MAC,446,.mo,
"Micronesia, Federated States of",691,,,,,†North Macedonia?[s],MK,MKD,807,.mk,
"Midway Island, USA",1808,,,,,†Madagascar,MG,MDG,450,.mg,
Moldova,373,,,,,†Malawi,MW,MWI,454,.mw,
Monaco,377,,,,,†Malaysia,MY,MYS,458,.my,
Mongolia,976,,,,,†Maldives,MV,MDV,462,.mv,
Montenegro,382,,,,,†Mali,ML,MLI,466,.ml,
Montserrat,1664,,,,,†Malta,MT,MLT,470,.mt,
Morocco,212,,,,,†Marshall Islands (the),MH,MHL,584,.mh,
Mozambique,258,,,,,†Martinique,MQ,MTQ,474,.mq,
Myanmar,95,,,,,†Mauritania,MR,MRT,478,.mr,
Nagorno-Karabakh,37447,37497,,,,†Mauritius,MU,MUS,480,.mu,
Namibia,264,,,,,†Mayotte,YT,MYT,175,.yt,
Nauru,674,,,,,†Mexico,MX,MEX,484,.mx,
Nepal,977,,,,,†Micronesia (Federated States of),FM,FSM,583,.fm,
Netherlands,31,,,,,†Moldova (the Republic of),MD,MDA,498,.md,
Nevis,1869,,,,,†Monaco,MC,MCO,492,.mc,
New Caledonia,687,,,,,†Mongolia,MN,MNG,496,.mn,
New Zealand,64,,,,,†Montenegro,ME,MNE,499,.me,
Nicaragua,505,,,,,†Montserrat,MS,MSR,500,.ms,
Niger,227,,,,,†Morocco,MA,MAR,504,.ma,
Nigeria,234,,,,,†Mozambique,MZ,MOZ,508,.mz,
Niue,683,,,,,†Myanmar?[t],MM,MMR,104,.mm,
Norfolk Island,6723,,,,,†Namibia,NA,NAM,516,.na,
North Macedonia,389,,,,,†Nauru,NR,NRU,520,.nr,
Northern Cyprus,90392,,,,,†Nepal,NP,NPL,524,.np,
Northern Ireland,4428,,,,,†Netherlands (the),NL,NLD,528,.nl,
Northern Mariana Islands,1670,,,,,†New Caledonia,NC,NCL,540,.nc,
Norway,47,,,,,†New Zealand,NZ,NZL,554,.nz,
Oman,968,,,,,†Nicaragua,NI,NIC,558,.ni,
Pakistan,92,,,,,†Niger (the),NE,NER,562,.ne,
Palau,680,,,,,†Nigeria,NG,NGA,566,.ng,
"Palestine, State of",970,,,,,†Niue,NU,NIU,570,.nu,
Panama,507,,,,,†Norfolk Island,NF,NFK,574,.nf,
Papua New Guinea,675,,,,,"†North Korea†ñ See†Korea, The Democratic People's Republic of.",,,,,
Paraguay,595,,,,,"†Northern Ireland†ñ See†United Kingdom, The.",,,,,
Peru,51,,,,,†Northern Mariana Islands (the),MP,MNP,580,.mp,
Philippines,63,,,,,†Norway,NO,NOR,578,.no,
Pitcairn Islands,64,,,,,†Oman,OM,OMN,512,.om,
Poland,48,,,,,†Pakistan,PK,PAK,586,.pk,
Portugal,351,,,,,†Palau,PW,PLW,585,.pw,
Puerto Rico,1787,1939,,,,"†Palestine, State of",PS,PSE,275,.ps,
Qatar,974,,,,,†Panama,PA,PAN,591,.pa,
RÈunion,262,,,,,†Papua New Guinea,PG,PNG,598,.pg,
Romania,40,,,,,†Paraguay,PY,PRY,600,.py,
Russia,7,,,,,†People's Republic of China†ñ See†China.,,,,,
Rwanda,250,,,,,†Peru,PE,PER,604,.pe,
Saba,5994,,,,,†Philippines (the),PH,PHL,608,.ph,
Saint BarthÇlemy,590,,,,,†Pitcairn?[u],PN,PCN,612,.pn,
Saint Helena,290,,,,,†Poland,PL,POL,616,.pl,
Saint Kitts and Nevis,1869,,,,,†Portugal,PT,PRT,620,.pt,
Saint Lucia,1758,,,,,†Puerto Rico,PR,PRI,630,.pr,
Saint Martin (France),590,,,,,†Qatar,QA,QAT,634,.qa,
Saint Pierre and Miquelon,508,,,,,†Republic of China†ñ See†Taiwan (Province of China).,,,,,
Saint Vincent and the Grenadines,1784,,,,,"†Republic of Korea†ñ See†Korea, The Republic of.",,,,,
Samoa,685,,,,,"†Republic of the Congo†ñ See†Congo, The.",,,,,
San Marino,378,,,,,†RÈunion,RE,REU,638,.re,
S„o TomÈ and Pr°ncipe,239,,,,,†Romania,RO,ROU,642,.ro,
Saudi Arabia,966,,,,,†Russian Federation (the)?[v],RU,RUS,643,.ru,
Senegal,221,,,,,†Rwanda,RW,RWA,646,.rw,
Serbia,381,,,,,"†Saba†ñ See†Bonaire, Sint Eustatius and Saba.",,,,,
Seychelles,248,,,,,†Sahrawi Arab Democratic Republic†ñ See†Western Sahara.,,,,,
Sierra Leone,232,,,,,†Saint BarthÈlemy,BL,BLM,652,.bl,
Singapore,65,,,,,†Saint Helena,SH,SHN,654,.sh,
Sint Eustatius,5993,,,,,†Ascension Island,,,,,
Sint Maarten (Netherlands),1721,,,,,†Tristan da Cunha,,,,,
Slovakia,421,,,,,†Saint Kitts and Nevis,KN,KNA,659,.kn,
Slovenia,386,,,,,†Saint Lucia,LC,LCA,662,.lc,
Solomon Islands,677,,,,,†Saint Martin (French part),MF,MAF,663,.mf,
Somalia,252,,,,,†Saint Pierre and Miquelon,PM,SPM,666,.pm,
South Africa,27,,,,,†Saint Vincent and the Grenadines,VC,VCT,670,.vc,
South Georgia and the South Sandwich Islands,500,,,,,†Samoa,WS,WSM,882,.ws,
South Ossetia,99534,,,,,†San Marino,SM,SMR,674,.sm,
South Sudan,211,,,,,†Sao Tome and Principe,ST,STP,678,.st,
Spain,34,,,,,†Saudi Arabia,SA,SAU,682,.sa,
Sri Lanka,94,,,,,"†Scotland†ñ See†United Kingdom, The.",,,,,
Sudan,249,,,,,†Senegal,SN,SEN,686,.sn,
Suriname,597,,,,,†Serbia,RS,SRB,688,.rs,
Svalbard,4779,,,,,†Seychelles,SC,SYC,690,.sc,
Sweden,46,,,,,†Sierra Leone,SL,SLE,694,.sl,
Switzerland,41,,,,,†Singapore,SG,SGP,702,.sg,
Syria,963,,,,,"†Sint Eustatius†ñ See†Bonaire, Sint Eustatius and Saba.",,,,,
Taiwan,886,,,,,†Sint Maarten (Dutch part),SX,SXM,534,.sx,
Tajikistan,992,,,,,†Slovakia,SK,SVK,703,.sk,
Tanzania,255,,,,,†Slovenia,SI,SVN,705,.si,
Thailand,66,,,,,†Solomon Islands,SB,SLB,90,.sb,
East Timor,670,,,,,†Somalia,SO,SOM,706,.so,
Togo,228,,,,,†South Africa,ZA,ZAF,710,.za,
Tokelau,690,,,,,†South Georgia and the South Sandwich Islands,GS,SGS,239,.gs,
Tonga,676,,,,,"†South Korea†ñ See†Korea, The Republic of.",,,,,
Transnistria,3732,3735,,,,†South Sudan,SS,SSD,728,.ss,
Trinidad and Tobago,1868,,,,,†Spain,ES,ESP,724,.es,
Tristan da Cunha,2908,,,,,†Sri Lanka,LK,LKA,144,.lk,
Tunisia,216,,,,,†Sudan (the),SD,SDN,729,.sd,
Turkey,90,,,,,†Suriname,SR,SUR,740,.sr,
Turkmenistan,993,,,,,†Svalbard,SJ,SJM,744,[w],
Turks and Caicos Islands,1649,,,,,†Jan Mayen,,,,,
Tuvalu,688,,,,,†Sweden,SE,SWE,752,.se,
Uganda,256,,,,,†Switzerland,CH,CHE,756,.ch,
Ukraine,380,,,,,†Syrian Arab Republic (the)?[x],SY,SYR,760,.sy,
United Arab Emirates,971,,,,,†Taiwan (Province of China)?[y],TW,TWN,158,.tw,
United Kingdom,44,,,,,†Tajikistan,TJ,TJK,762,.tj,
United States,1,,,,,"†Tanzania, the United Republic of",TZ,TZA,834,.tz,
Uruguay,598,,,,,†Thailand,TH,THA,764,.th,
US Virgin Islands,1340,,,,,†Timor-Leste?[aa],TL,TLS,626,.tl,
Uzbekistan,998,,,,,†Togo,TG,TGO,768,.tg,
Vanuatu,678,,,,,†Tokelau,TK,TKL,772,.tk,
Vatican City State (Holy See),3906698,,,,,†Tonga,TO,TON,776,.to,
Venezuela,58,,,,,†Trinidad and Tobago,TT,TTO,780,.tt,
Vietnam,84,,,,,†Tunisia,TN,TUN,788,.tn,
"Wake Island, USA",1808,,,,,†Turkey,TR,TUR,792,.tr,
Wallis and Futuna,681,,,,,†Turkmenistan,TM,TKM,795,.tm,
Yemen,967,,,,,†Turks and Caicos Islands (the),TC,TCA,796,.tc,
Zambia,260,,,,,†Tuvalu,TV,TUV,798,.tv,
Zanzibar,25524,,,,,†Uganda,UG,UGA,800,.ug,
Zimbabwe,263,,,,,†Ukraine,UA,UKR,804,.ua,
,,,,,,†United Arab Emirates (the),AE,ARE,784,.ae,
,,,,,,†United Kingdom of Great Britain and Northern Ireland (the),GB,GBR,826,.gb†.uk?[ab],
,,,,,,†United States Minor Outlying Islands (the)?[ac],UM,UMI,581,[ad],
,,,,,,†United States of America (the),US,USA,840,.us,
,,,,,,†United States Virgin Islands†ñ See†Virgin Islands (U.S.).,,,,,
,,,,,,†Uruguay,UY,URY,858,.uy,
,,,,,,†Uzbekistan,UZ,UZB,860,.uz,
,,,,,,†Vanuatu,VU,VUT,548,.vu,
,,,,,,"†Vatican City†ñ See†Holy See, The.",,,,,
,,,,,,†Venezuela (Bolivarian Republic of),VE,VEN,862,.ve,
,,,,,,†Viet Nam?[ae],VN,VNM,704,.vn,
,,,,,,†Virgin Islands (British)?[af],VG,VGB,92,.vg,
,,,,,,†Virgin Islands (U.S.)?[ag],VI,VIR,850,.vi,
,,,,,,"†Wales†ñ See†United Kingdom, The.",,,,,
,,,,,,†Wallis and Futuna,WF,WLF,876,.wf,
,,,,,,†Western Sahara?[ah],EH,ESH,732,[aj],
,,,,,,†Yemen,YE,YEM,887,.ye,
,,,,,,†Zambia,ZM,ZMB,894,.zm,
,,,,,,†Zimbabwe,ZW,ZWE,716,.zw,
